adultfriendfinder.com	1640
dating	1062
adult	1042
sex	1018
personals	835
friendfinder	731
2257	633
alt.com	586
appearing	576
scene	574
swingers	564
members	550
persons	535
explicit	531
offsite.cgi	529
contractually	508
http	500
sexually	492
friend	482
illustrative	450
geozones	423
hotlist	415
represented	406
chat	403
gay	387
interracial	384
compliance	380
singles	379
aff	374
screening	373
18	371
requirements	369
protect	368
communities	359
keeping	357
looking_for_person	356
member	355
material	352
criminal	349
jump	347
1996	346
picid	343
purposes	343
conduct	341
ads	338
contains	336
photographs	333
laid	330
earn	327
svenska	322
abuse	320
actual	319
background	318
nederlands	315
p	311
join	306
free	306
san	305
spank	298
hook	297
disclaimer	297
download	296
cams	294
hookups	293
finder	292
report	292
dates	291
couples	290
record	289
internet	289
age	287
italiano	287
cookies	286
outpersonals.com	286
português	283
password	280
fuck	280
adultfriendfinder	278
piclist_horizontal	276
invite	276
rta	272
asian	272
numbers	270
site	268
outpersonals	268
deutsch	267
find	264
bdsm	263
groups	258
français	257
kids	256
adultfriendfind	256
ashburn	254
login	254
other	254
corporate	254
statement	253
swinger	252
findersm	251
find_sex	250
max_age	244
older.explore	243
money	241
safety	241
email	240
inc	239
click	239
español	238
states	237
big	237
all	236
note	236
hug	236
porn	234
browse	233
blogs	230
have	229
guinea	229
pornstar	229
networkssm	228
california	227
ch10	227
override	227
meet	225
amateur	222
english	222
hot	222
help	220
does	218
kiss	218
about	218
anal	218
milf	217
hottest	217
seeking	217
brunette	215
matches	214
data	212
ch.tbe.taleo.net	212
may	212
older	211
men	210
smile	209
its	209
francisco	209
hide	208
i	207
get	206
learn	205
jobsearch.jsp	205
reno	204
only	204
f	201
cities	200
latino	199
here	198
cws	197
now	197
ats	196
married	195
couple	194
mature	194
main.cgi	194
1	193
spankwire.com	191
mobile	191
careers	191
largest	190
sexy	188
cpls	185
live	184
feedback	183
lesbian	182
service	182
online	181
copyright	180
bondage	180
springfield	180
ads.trafficjunky.net	179
can	179
hr	178
0	177
marks	176
app	174
new	174
subgeozones	174
islands	174
2	174
go	173
alternative	173
fucking	172
any	171
local	171
cum	168
index.html	168
policy	167
like	167
contact	166
blowjob	165
blonde	165
from	165
m	165
columbus	163
reserved	163
networks	162
hardcore	162
fetish	162
looking	162
kenya	162
covered	161
bbw	160
register.cgi	159
rights	159
keezmovies	159
afr	157
dom	156
magazine	155
dmca	153
privacy	152
spam	152
please	148
iphone	148
near	147
seattle	147
sahara	146
ass	146
smaller	145
categories	145
erotic	145
masturbation	145
group	143
enter	142
south	141
black	141
denver	141
37	141
city	140
search	139
slut	139
netherlands	139
diego	138
las	138
philadelphia	138
houston	137
inappropriate	137
send	137
success	137
atlanta	136
my	136
libya	136
payment	135
casual	135
republic	134
cock	134
laos	133
creative	133
macau	133
2013	133
nude_girls	132
fiji	131
miami	131
profiles	131
antilles	131
grenadines	130
registered	130
rating	130
go2alt	130
los	129
comoros	129
boston	129
best	128
hostpid	128
eritrea	128
country	127
principe	127
hours	127
bissau	127
home	126
guadeloupe	126
martinique	126
kyrgyzstan	126
equatorial	126
somalia	126
guiana	126
gabon	126
2bhair	125
gambia	125
do	125
mauritania	125
benin	125
tajikistan	125
bhutan	125
angeles	125
blog	125
djibouti	125
andorra	125
burkina	125
state	125
ethiopia	124
enjoy	124
cameroon	124
faso	124
montenegro	124
malawi	124
angola	124
chicago	124
mongolia	124
burundi	124
bi	124
dominica	124
barbuda	123
armenia	123
rwanda	123
moldova	123
marino	123
logo	123
macedonia	122
grenada	122
botswana	122
algeria	122
senegal	122
albania	122
kazakhstan	122
herzegovina	122
tanzania	122
gibraltar	122
mariana	121
mozambique	121
iceland	121
cambodia	121
share	121
partners	121
congo	120
mauritius	120
seychelles	120
maldives	120
aruba	120
mali	120
st	120
maryland	120
french	120
antigua	120
jersey	120
model	120
madagascar	120
remember	119
nigeria	119
forgot	119
nicaragua	119
bosnia	119
serbia	118
bahamas	118
join37	118
over	118
bermuda	118
sunnyvale	118
org	118
belize	118
kitts	118
action	118
slovakia	118
bolivia	118
barbados	117
leone	117
cayman	117
oman	117
brunei	117
chad	117
man	116
so	116
morocco	116
browser	116
lithuania	116
monaco	116
georgia	116
ghana	116
how	116
bahrain	116
5	116
guatemala	116
kuwait	116
most	115
paraguay	115
create	115
mexico	115
malta	115
estonia	115
iframe	115
mark	114
lebanon	114
close	114
slovenia	114
has	114
jamaica	114
cpop	114
content	114
bangladesh	114
emails	114
croatia	114
korea	113
race	113
finland	113
bulgaria	113
community	113
panama	113
girls	113
philippines	113
hungary	113
photo	112
luxembourg	112
arabia	112
following	112
qatar	112
more	112
13	112
cocks	111
rica	111
greece	111
romania	111
below	111
lanka	111
sri	110
poland	110
saudi	110
pakistan	110
afghanistan	110
norway	110
flash	110
longest	109
dakota	109
out	109
denmark	109
egypt	109
peru	109
cape	108
sierra	108
colombia	108
spain	108
characters	108
russia	108
rep	108
profile	108
switzerland	107
cam	107
malaysia	107
1915	107
27	107
sweden	107
1916	107
teen	106
28	106
23	106
1934	106
belgium	106
fun	105
chastitydevices	105
1914	105
read	104
sexual	104
1917	104
austria	104
1922	104
hd	104
4	104
friends	104
1919	104
1921	103
portugal	103
some	103
1918	103
our	103
chile	103
1927	102
costa	102
30	102
19	102
africa	102
1928	102
3	102
35	102
1937	102
embed	101
czech	101
shemale	101
argentina	101
1923	101
1926	101
format	101
1942	101
babe	101
1935	101
horny	100
2005	100
restart	100
israel	100
1936	100
jordan	100
1932	100
1944	100
fisting	99

